X,Y,scalerank,featurecla,name,website,natlscale
-69.92355713,12.4375,8,Port,Sint Nicolaas,www.rocargo.com/SanNicolas.html,5.000
-58.95141343,-34.15333333,8,Port,Campana,www.consejoportuario.com.ar,5.000
-59.004947,-34.09888889,8,Port,Zarate,www.consejoportuario.com.ar,5.000
-62.10088339,-38.89444444,8,Port,Puerto Belgrano/Bahia Blanca,,5.000
-62.30053004,-38.78305556,8,Port,Puerto Galvan/Bahia Blanca,,5.000
-62.25989399,-38.79194444,8,Port,Ingeniero White/Bahia Blanca,,5.000
-61.85229682,17.12277778,8,Port,Saint John's,www.ab.gov.ag,5.000
115.7381037,-32.0475,8,Port,Fremantle,www.fremantleports.com.au,5.000
151.2095406,-33.97305556,8,Port,Botany Bay,www.sydneyports.com.au,5.000
151.2842167,-23.85111111,8,Port,Rockhampton,www.gpcl.com.au,5.000
2.93368669,51.23,8,Port,Oostende (Ostend),www.portofoostende.be,5.000
3.20459364,51.33638889,8,Port,Zeebrugge,www.zeebruggeport.be,5.000
27.45830389,42.47,8,Port,Burgas,www.port-burgas.com,5.000
50.60759717,26.19861111,8,Port,Mina Sulman Port,www.bahrainports.gov.bh,5.000
50.65883392,26.15861111,8,Port,Sitrah,www.bahrainports.gov.bh,5.000
-64.67302709,32.37944444,8,Port,Saint George,,5.000
-38.47320377,-3.7075,8,Port,Mucuripe,www.docasdoceara.com.br,5.000
-43.1246172,-22.87916667,8,Port,Niteroi,www.portosrio.gov.br,5.000
-48.63545347,-26.23805556,8,Port,Sao Francisco do Sul,www.apsfs.sc.gov.br,5.000
-65.46772674,47.03444444,8,Port,Chatham,,5.000
-53.95689046,48.16333333,8,Port,Clarenville,,5.000
-124.9244405,49.67083333,8,Port,Comox,,5.000
-123.4343934,48.43638889,8,Port,Esquimalt,,5.000
-55.75106007,47.10027778,8,Port,Grand Bank,,5.000
-60.2393404,46.20888889,8,Port,North Sydney,,5.000
-64.9246172,47.79638889,8,Port,Caraquet,,5.000
-71.05265018,48.43,8,Port,Chicoutimi,,5.000
-57.93633687,48.96055556,8,Port,Corner Brook,www.cornerbrookport.com,5.000
-65.75229682,44.62527778,8,Port,Digby,www.portofdigby.ns.ca,5.000
-53.21702002,47.69027778,8,Port,Harbour Grace,,5.000
-62.70441696,45.67472222,8,Port,Pictou,www.pictoumarineterminals.com,5.000
-65.31772674,43.74972222,8,Port,Shelburne,,5.000
-73.11808009,46.04111111,8,Port,Sorel,,5.000
-56.05989399,49.49972222,8,Port,Springdale,,5.000
-52.69234393,47.5625,8,Port,Saint-John's,www.sjpa.com,5.000
-73.15335689,-37.02833333,8,Port,Coronel,,5.000
-73.15848057,-37.09805556,8,Port,Lota,,5.000
-73.10229682,-36.70527778,8,Port,Talcahuano,www.puertotalcahuano.cl,5.000
-71.61808009,-33.5875,8,Port,San Antonio,www.sanantonioport.com,5.000
121.4418139,28.69027778,8,Port,Haimen,,5.000
119.5859835,39.90666667,8,Port,Qinhuangdao,,5.000
114.26702,22.57416667,8,Port,Yantian,www.yantian-port.com,5.000
122.2351001,40.69583333,8,Port,Yingkou,,5.000
-83.07408716,10.00555556,8,Port,Moin,www.japdeva.go.cr,5.000
-75.70335689,20.91916667,8,Port,Banes,,5.000
-79.46931684,22.52916667,8,Port,Caibarien,,5.000
-80.00759717,22.94027778,8,Port,Isabela de Sagua,,5.000
-77.23951708,21.56305556,8,Port,Nuevitas,,5.000
33.94004711,35.12777778,8,Port,Famagusta,,5.000
8.707243816,53.86472222,8,Port,Cuxhaven,www.cuxport.de,5.000
9.835806832,54.47361111,8,Port,Eckernforde,www.stadtwerke-eckernfoerde.de,5.000
8.489517079,53.4875,8,Port,Nordenham,,5.000
7.368963486,53.09638889,8,Port,Papenburg,,5.000
11.43916372,53.90638889,8,Port,Wismar,www.hafen-wismar.de,5.000
10.80689046,55.29888889,8,Port,Nyborg,www.adp-as.com,5.000
12.61702002,56.03444444,8,Port,Helsingor,www.helsingoerhavn.dk,5.000
10.52497055,55.46638889,8,Port,Odense,,5.000
10.78810365,55.30694444,8,Port,Nyborg,www.nyborg.dk/Engelsk/Tourism/NyborgsHarbours,5.000
10.54146054,57.43777778,8,Port,Frederikshavn,www.frederikshavnhavn.dk,5.000
9.504416961,55.25111111,8,Port,Haderslev,,5.000
9.868433451,55.85416667,8,Port,Horsens,www.horsenshavn.dk,5.000
11.08598351,55.66944444,8,Port,Kalundborg,www.portofkalundborg.dk,5.000
9.493404005,55.49277778,8,Port,Kolding,www.koldingport.dk,5.000
11.12108363,54.83222222,8,Port,Nakskov,,5.000
11.85706714,54.77083333,8,Port,Nykobing Falster,www.guldborgsundhavne.dk,5.000
10.05265018,56.46027778,8,Port,Randers,www.randershavn.dk,5.000
10.704947,54.93972222,8,Port,Rudkobing,www.langelandkommune.dk,5.000
10.61702002,55.05861111,8,Port,Svendborg,,5.000
9.551943463,55.70555556,8,Port,Vejle,www.vejleport.dk,5.000
10.58881037,57.71861111,8,Port,Skagen,www.skagenhavn.dk,5.000
-70.70053004,19.80361111,8,Port,Puerto Plata,www.apordom.gov.do,5.000
-70.01808009,18.42027778,8,Port,Rio Haina,www.apordom.gov.do,5.000
0.071260306,35.93444444,8,Port,Mostaganem,,5.000
31.75918728,31.46666667,8,Port,Damietta,www.dam-port.com,5.000
33.94128386,26.74222222,8,Port,Safaga,www.mts.gov.eg,5.000
-5.400353357,36.14777778,8,Port,Algeciras,www.apba.es,5.000
-5.920023557,43.57861111,8,Port,Aviles,www.avilesport.com,5.000
-8.250883392,43.47972222,8,Port,Ferrol,www.apfsc.com,5.000
-6.935806832,37.19277778,8,Port,Huelva,www.puertohuelva.com,5.000
-1.918786808,43.32333333,8,Port,Pasajes,www.puertopasajes.net,5.000
-6.334570082,36.61944444,8,Port,Rota,,5.000
-6.258833922,36.52,8,Port,Cadiz,www.puertocadiz.com,5.000
26.9418139,60.46111111,8,Port,Kotka,www.portofkotka.fi,5.000
24.61666667,65.68305556,8,Port,Veitsiluoto,,5.000
-1.142343934,44.65916667,8,Port,Arcachon,www.arcachon.com,5.000
0.073380448,49.36583333,8,Port,Deauville,,5.000
0.369493522,49.76194444,8,Port,Fecamp,www.fecamp.cci.fr,5.000
-1.223910483,46.15722222,8,Port,La Pallice,www.larochelle.port.fr,5.000
-2.022850412,48.64444444,8,Port,Saint-Malo,www.saint-malo.cci.fr,5.000
3.71024735,43.40472222,8,Port,Sete,www.sete.port.fr,5.000
-4.756713781,55.95472222,8,Port,Greenock,www.clydeport.co.uk,5.000
-1.986513545,50.71444444,8,Port,Poole,www.phc.co.uk,5.000
-5.053533569,50.15277778,8,Port,Falmouth,www.falmouthport.co.uk,5.000
-3.171790342,55.9825,8,Port,Leith,www.forthports.co.uk,5.000
-2.467903416,56.70444444,8,Port,Montrose,www.montroseport.co.uk,5.000
-2.984746761,51.55888889,8,Port,Newport,www.abports.co.uk/custinfo/ports/newport.htm,5.000
-1.356183746,54.90694444,8,Port,Sunderland,www.portofsunderland.org.uk,5.000
-1.157067138,54.60805556,8,Port,Teesport,www.pdports.co.uk,5.000
41.65282686,42.155,8,Port,Poti,www.potiseaport.com,5.000
23.6565371,37.93722222,8,Port,Piraeus,,5.000
23.63368669,37.94111111,8,Port,Piraeus,www.olp.gr,5.000
23.64305065,37.93444444,8,Port,Piraeus,www.medmarinas.com,5.000
-61.75053004,12.04722222,8,Port,Saint George's,www.grenadacruiseport.com,5.000
-52.27196702,4.853055556,8,Port,Cayenne,www.guyane.cci.fr,5.000
14.54075383,45.29972222,8,Port,Bakar,,5.000
13.63492344,45.08055556,8,Port,Rovinj,,5.000
15.89163722,43.72638889,8,Port,Sibenik,www.portauthority-sibenik.hr,5.000
-72.70371025,19.44833333,8,Port,Gonaives,www.apn.gouv.ht,5.000
131.2425206,-0.876944444,8,Port,Sorong,,5.000
76.31042403,9.491944444,8,Port,Alleppey,,5.000
82.2746172,16.97777778,8,Port,Kakinada,www.kakinadaseaports.in,5.000
78.18704358,8.758333333,8,Port,Tuticorin,tuticorinport.gov.in,5.000
-8.471260306,54.27166667,8,Port,Sligo,,5.000
13.93828033,37.09027778,8,Port,Licata,,5.000
8.30795053,40.56277778,8,Port,Alghero,,5.000
14.16007067,40.80333333,8,Port,Bagnoli,,5.000
16.28775029,41.32555556,8,Port,Barletta,,5.000
17.95600707,40.64638889,8,Port,Brindisi,www.porto.br.it,5.000
17.12338045,39.08611111,8,Port,Crotone,,5.000
17.97567727,40.05583333,8,Port,Gallipoli,,5.000
8.026914016,43.88277778,8,Port,Imperia,,5.000
9.409363958,41.21333333,8,Port,La Maddalena,,5.000
9.850353357,44.08722222,8,Port,La Spezia,www.portolaspezia.it,5.000
12.43545347,37.78972222,8,Port,Marsala,,5.000
15.55918728,38.20027778,8,Port,Messina,,5.000
16.58775029,41.20833333,8,Port,Molfetta,,5.000
13.55265018,45.78861111,8,Port,Monfalcone,www.porto.monfalcone.gorizia.it,5.000
17.30035336,40.95611111,8,Port,Monopoli,,5.000
12.9024735,43.92083333,8,Port,Pesaro,,5.000
8.392167256,40.84361111,8,Port,Porto Torres,,5.000
12.25035336,44.46222222,8,Port,Ravenna,www.port.ravenna.it,5.000
15.28757362,37.06611111,8,Port,Siracusa,,5.000
17.18898704,40.48805556,8,Port,Taranto,www.port.taranto.it,5.000
14.44287397,40.75,8,Port,Torre Annunziata,,5.000
129.9503534,32.90166667,8,Port,Omura,www.city.omura.nagasaki.jp,5.000
135.3833333,34.69138889,8,Port,Amagasaki,,5.000
137.1084806,36.77583333,8,Port,Fushiki,,5.000
133.0061837,34.06805556,8,Port,Imabari,,5.000
132.2352768,34.17694444,8,Port,Iwakuni,,5.000
135.188457,34.15305556,8,Port,Kainan,,5.000
136.6065371,36.61694444,8,Port,Kanazawa,www.pref.ishikawa.jp,5.000
139.7437574,35.50638889,8,Port,Kawasaki,www.city.kawasaki.jp/58/58yuuti/home/etop.html,5.000
130.8735571,33.90833333,8,Port,Kokura,www.kitaqport.or.jp,5.000
135.3852768,35.48166667,8,Port,Maizuru,www.port.maizuru.kyoto.jp,5.000
136.5533569,34.60805556,8,Port,Matsusaka,www.info.city.tsu.mie.jp,5.000
135.193404,35.54333333,8,Port,Miyazu,,5.000
140.9540636,42.33583333,8,Port,Muroran,,5.000
139.1247939,37.955,8,Port,Niigata,www.pref.niigata.lg.jp/kowanshinko/1208883684365.html,5.000
131.8693168,33.25138889,8,Port,Saganoseki,,5.000
129.7077739,33.15694444,8,Port,Sasebo,www.city.sasebo.nagasaki.jp,5.000
138.509894,35.01444444,8,Port,Shimizu,www.portofshimizu.com,5.000
135.1333333,34.11638889,8,Port,Shimotsu,,5.000
135.1270907,34.22305556,8,Port,Wakayama,,5.000
139.654417,35.30444444,8,Port,Yokosuka,www.city.yokosuka.kanagawa.jp/minato,5.000
80.22497055,6.033333333,8,Port,Galle,www.slpa.lk,5.000
21.53704358,57.40305556,8,Port,Ventspils,www.portofventspils.lv,5.000
-92.65212014,18.53027778,8,Port,Frontera,,5.000
-94.53457008,17.97583333,8,Port,Minatitlan,,5.000
-94.40053004,18.1275,8,Port,Pajaritos,,5.000
-112.2584806,27.33916667,8,Port,Santa Rosalia,www.bajaport.com,5.000
-89.67055359,21.31361111,8,Port,Progreso,www.puertosyucatan.com,5.000
-97.37055359,20.94055556,8,Port,Tuxpan,www.puerto-de-tuxpan.com.mx,5.000
103.4591873,4.249444444,8,Port,Kemaman,www.portsworld.com/Ports/kemamanport.htm,5.000
4.78368669,52.95805556,8,Port,Den Helder,www.havendenhelder.nl,5.000
4.651413428,51.80583333,8,Port,Dordrecht,,5.000
6.955477032,53.32055556,8,Port,Delfzijl,www.groningen-seaports.com,5.000
8.757420495,58.45416667,8,Port,Arendal,,5.000
10.22497055,59.73666667,8,Port,Drammen,www.drammenhavn.no,5.000
11.37532391,59.11805556,8,Port,Halden,,5.000
16.54163722,68.78916667,8,Port,Harstad,,5.000
10.02550059,59.04527778,8,Port,Larvik,www.larvikhavn.vf.no,5.000
10.65282686,59.43222222,8,Port,Moss,www.moss-havn.no,5.000
10.22497055,59.12361111,8,Port,Sandefjord,,5.000
10.404947,59.265,8,Port,Tonsberg,,5.000
172.7102473,-43.60611111,8,Port,Lyttelton,www.lpc.co.nz,5.000
59.42055359,22.65666667,8,Port,Qalhat,,5.000
56.73792697,24.37833333,8,Port,Sohar,portofsohar.com,5.000
-79.56878681,8.955555556,8,Port,Balboa,www.ppc.com.pa,5.000
-79.90477032,9.350277778,8,Port,Cristobal,www.ppc.com.pa,5.000
-82.43457008,8.365,8,Port,Pedregal,www.cocatram.org.ni/puertosca/pto_pedregal_panama.html,5.000
-77.1418139,-12.04527778,8,Port,Callao,www.enapu.com.pe,5.000
-72.10424028,-16.99777778,8,Port,Matarani,www.ultramarnetwork.com/TextosPeru/Marc-024.html,5.000
14.26861013,53.905,8,Port,Swinoujscie,www.phs.com.pl,5.000
-8.692873969,41.185,8,Port,Leixoes,www.apdl.pt,5.000
-8.821436985,38.48972222,8,Port,Setubal,www.portodesetubal.pt,5.000
-8.7196702,40.64361111,8,Port,Aveiro,www.portodeaveiro.pt,5.000
-8.823027091,41.68638889,8,Port,Viana do Castelo,www.ipnorte.pt,5.000
28.08386337,45.44166667,8,Port,Galati,apdm.galati.ro,5.000
132.9075972,42.80472222,8,Port,Nakhodka,www.port-livadia.ru,5.000
32.404947,67.135,8,Port,Kandalaksha,,5.000
142.0400471,47.05055556,8,Port,Kholmsk,,5.000
142.7584806,46.62666667,8,Port,Korsakov,,5.000
29.76737338,59.98694444,8,Port,Kronshtadt,,5.000
132.8861602,42.8,8,Port,Nakhodka,www.ncsp.ru,5.000
37.80441696,44.715,8,Port,Novorossiysk,www.nle.ru,5.000
39.06666667,44.09194444,8,Port,Tuapse,www.tuapseport.ru,5.000
49.67090695,27.02861111,8,Port,Jubail,www.ports.gov.sa,5.000
49.67302709,27.08777778,8,Port,Jubail,www.ports.gov.sa,5.000
48.52249706,28.415,8,Port,Ras al Khafji,,5.000
12.47638398,56.88944444,8,Port,Falkenberg,www.falkenbergs-terminal.se,5.000
14.30547703,55.92555556,8,Port,Ahus,www.ahushamn.se,5.000
17.93881037,62.64083333,8,Port,Harnosand,www.harnosand.se,5.000
12.54146054,56.19861111,8,Port,Hoganas,,5.000
14.85830389,56.1625,8,Port,Karlshamn,www.karlshamnshamn.se,5.000
15.58598351,56.16,8,Port,Karlskrona,www.karlskrona.se/hamn,5.000
17.95812721,58.91333333,8,Port,Nynashamn,www.stoports.com,5.000
16.47073027,57.265,8,Port,Oskarshamn,www.port.oskarshamn.se,5.000
17.10795053,58.66166667,8,Port,Oxelosund,www.oxhamn.se,5.000
21.47037691,65.30888889,8,Port,Pitea,www.bottenvikens-stuveri.se,5.000
17.65918728,59.16972222,8,Port,Sodertalje,www.soeport.se,5.000
13.15159011,55.36805556,8,Port,Trelleborg,www.trelleborgshamn.se,5.000
11.90477032,58.34805556,8,Port,Uddevalla,www.uddevalla-hamn.se,5.000
13.82073027,55.42138889,8,Port,Ystad,www.ystad.se,5.000
100.5849234,13.69583333,8,Port,Bangkok,www.bkp.port.co.th,5.000
100.8909305,13.07388889,8,Port,Laem Chabang,www.port.co.th,5.000
100.9186101,13.17138889,8,Port,Sriracha,www.srirachaport.com,5.000
-61.48951708,10.38833333,8,Port,Point Lisas,www.plipdeco.com,5.000
34.64057715,36.79694444,8,Port,Mersin,www.tcdd.gov.tr,5.000
36.77320377,46.75138889,8,Port,Berdyansk,www.ukrport.org.ua,5.000
36.48563015,45.355,8,Port,Kerch,www.ukrport.org.ua,5.000
-122.3590106,37.91388889,8,Port,Richmond,www.ci.richmond.ca.us/index.asp?NID=102,5.000
-75.51984688,39.71666667,8,Port,Wilmington,www.portofwilmingtonde.com,5.000
-70.96896349,42.24138889,8,Port,Quincy,www.forerivershipyard.com,5.000
-159.3530035,21.95388889,8,Port,Nawiliwili,www.state.hi.us/dot/harbors,5.000
-121.888987,36.60555556,8,Port,Monterey,www.monterey.org/harbor,5.000
-77.95265018,34.19194444,8,Port,Wilmington,www.ncports.com,5.000
-75.12267373,39.90361111,8,Port,Gloucester City,www.holtoversight.com,5.000
-74.1024735,40.6625,8,Port,Bayonne,www.bayonnenj.org,5.000
-76.55565371,39.2325,8,Port,Baltimore,www.mpa.state.md.us,5.000
-81.55918728,30.38083333,8,Port,Jacksonville,www.jaxport.com,5.000
-76.4262073,36.98055556,8,Port,Newport News,www.vaports.com,5.000
-93.95706714,29.84305556,8,Port,Port Arthur,www.portofportarthur.com,5.000
-76.28828033,36.81666667,8,Port,Portsmouth,www.vaports.com,5.000
-77.95265018,34.19194444,8,Port,Wilmington,www.ncports.com,5.000
-93.95706714,29.84305556,8,Port,Port Arthur,www.portofportarthur.com,5.000
-77.03722026,38.80111111,8,Port,Alexandria,,5.000
-76.4262073,36.98055556,8,Port,Newport News,www.vaports.com,5.000
-122.6086572,47.65138889,8,Port,Brownsville,www.portofbrownsville.org,5.000
-122.7038869,45.63472222,8,Port,Vancouver,www.portvanusa.com,5.000
-64.59040047,10.24916667,8,Port,Guanta,www.puertodeguanta.gob.ve,5.000
121.725836966943,25.2207601417575,8,Port,Keelung,,5.000
-13.6239543767043,28.9489648440575,8,Port,Arrecife,,5.000
-64.9284153003645,18.3321232220107,8,Port,St Thomas,,5.000
-62.7500024992993,17.2788270211854,8,Port,Basseterre,,5.000
-90.0563712438111,29.9341999681386,8,Port,New Orleans,,5.000
-78.7276636158179,26.5384106344139,8,Port,Freeport,,5.000
-77.56,44.1,8,Port,Trenton,,5.000
-81.73,43.75,8,Port,Goderich,,5.000
-79.91,44.75,8,Port,Midland,,5.000
-86.48,42.11,8,Port,St Joseph,,5.000
-87.78,42.73,8,Port,Racine,,5.000
-87.6,45.1,8,Port,Menominee,,5.000
-87.05,45.76,8,Port,Escanaba,,5.000
-121.5,38.58,8,Port,Sacramento,,5.000
1.73,52.61,8,Port,Great Yarmouth,,5.000
-2.96,56.46,8,Port,Dundee,,5.000
-3.83,57.83,8,Port,Portmahomack Harbor,,5.000
-3.08,58.43,8,Port,Wick,,5.000
-5.46,56.41,8,Port,Oban,,5.000
-4.46,54.15,8,Port,Douglas,,5.000
-7.31,55.0,8,Port,Londonderry,,5.000
-3.4,54.86,8,Port,Silloth,,5.000
13.09375736,-7.833055556,7,Port,Ambriz,,10.000
12.19022379,-5.55,7,Port,Cabinda,,10.000
12.32037691,-6.121388889,7,Port,Soyo,www.otal.com/angola,10.000
19.45300353,41.30777778,7,Port,Durres,,10.000
-68.91825677,12.11916667,7,Port,Curacao,www.curports.com,10.000
56.3565371,25.17833333,7,Port,Al Fujayrah,www.fujairahport.ae,10.000
-67.50848057,-46.43305556,7,Port,Caleta Olivia,,10.000
-65.9040636,-47.75555556,7,Port,Puerto Deseado,www.scruz.gov.ar/puertos,10.000
-69.21825677,-51.61166667,7,Port,Rio Gallegos,www.scruz.gov.ar/puertos,10.000
-67.7024735,-53.79444444,7,Port,Rio Grande,,10.000
-67.71896349,-49.29972222,7,Port,San Julian,www.scruz.gov.ar/puertos,10.000
153.1414605,-30.3075,7,Port,Coffs Harbour,,10.000
121.893404,-33.87194444,7,Port,Esperance,www.esperanceport.com.au,10.000
137.7567138,-32.48861111,7,Port,Port Augusta,,10.000
148.25053,-20.02083333,7,Port,Bowen,,10.000
152.388457,-24.76722222,7,Port,Bundaberg,www.portofbundaberg.com.au,10.000
139.737927,-17.55361111,7,Port,Burketown,www.cairnsports.com.au,10.000
113.642874,-24.895,7,Port,Carnarvon,,10.000
145.2437574,-15.45972222,7,Port,Cooktown,www.cairnsports.com.au,10.000
123.6051237,-17.29222222,7,Port,Derby,,10.000
149.9053004,-37.07194444,7,Port,Eden,www.eden.nsw.gov.au,10.000
146.8202002,-41.10972222,7,Port,George Town,,10.000
114.6007067,-28.77277778,7,Port,Geraldton,www.gpa.wa.gov.au,10.000
140.8333333,-17.48944444,7,Port,Karumba,www.cairnsports.com.au,10.000
137.6395171,-35.655,7,Port,Kingscote,,10.000
152.9060071,-25.295,7,Port,Maryborough,www.nqbp.com.au,10.000
145.3205536,-42.15833333,7,Port,Strahan,www.tasports.com.au,10.000
89.58598351,22.48694444,7,Port,Mongla,www.monglaport.com.bd,10.000
-37.03951708,-10.92527778,7,Port,Aracaju,www.ibritto.com.br,10.000
-38.52143698,-3.7175,7,Port,Fortaleza,www.docasdoceara.com.br,10.000
-51.04269729,0.032222222,7,Port,Macapa,,10.000
-48.65424028,-26.89888889,7,Port,Navegantes,www.portonave.com.br,10.000
-52.3237338,-31.78194444,7,Port,Pelotas,,10.000
-125.2386337,50.03194444,7,Port,Campbell River,,10.000
-60.34234393,53.38444444,7,Port,Goose Bay,,10.000
-132.1411072,54.00666667,7,Port,Masset,,10.000
-67.57126031,48.84194444,7,Port,Matane,,10.000
-84.54305065,73.06861111,7,Port,Nanisivik,,10.000
-65.83492344,48.13861111,7,Port,New Richmond,,10.000
-127.4836867,50.72111111,7,Port,Port Hardy,,10.000
-61.35565371,45.61,7,Port,Port Hawkesbury,www.straitsuperport.com,10.000
-123.1666667,49.68305556,7,Port,Squamish,www.sqterminals.com,10.000
-58.54075383,48.53527778,7,Port,Stephenville,www.portharmonauthority.ca,10.000
-129.9895171,55.92861111,7,Port,Stewart,www.stewart-hyder.com,10.000
-126.6540636,49.9175,7,Port,Tahsis,,10.000
-131.8196702,53.25527778,7,Port,Sandspit,,10.000
-132.9858068,69.43138889,7,Port,Tuktoyaktuk,,10.000
-73.82567727,-41.86861111,7,Port,Ancud,,10.000
-73.76684335,-42.48277778,7,Port,Castro,,10.000
-70.6343934,-26.35055556,7,Port,Chanaral,,10.000
-72.50936396,-51.73111111,7,Port,Puerto Natales,,10.000
-70.48457008,-25.39722222,7,Port,Taltal,,10.000
113.6710836,22.64027778,7,Port,Guangzhou,,10.000
120.2212603,31.93194444,7,Port,Jiangyin,,10.000
119.4084806,34.74527778,7,Port,Lianyungang,www.lygport.com.cn,10.000
109.50053,18.23972222,7,Port,Sanya,,10.000
110.4063604,21.16972222,7,Port,Zhanjiang,www.zjport.com,10.000
122.1026502,30.00333333,7,Port,Zhoushan,www.zsport.com.cn,10.000
-6.617020024,4.743055556,7,Port,San-Pedro,,10.000
-75.52567727,10.40333333,7,Port,Cartagena,www.sprc.com.co,10.000
-75.5852768,9.520277778,7,Port,Tolu,www.navescolombia.com,10.000
-78.75954064,1.813055556,7,Port,Tumaco,www.navescolombia.com,10.000
-76.73386337,8.087777778,7,Port,Turbo,www.navescolombia.com,10.000
-74.50229682,20.35305556,7,Port,Baracoa,,10.000
-75.55088339,20.71333333,7,Port,Nicaro,,10.000
-82.79322733,21.90333333,7,Port,Nueva Gerona,,10.000
7.891283863,54.1775,7,Port,Helgoland,www.helgoland.de,10.000
10.86825677,53.95222222,7,Port,Travemunde,,10.000
8.692167256,56.95277778,7,Port,Thisted,,10.000
-80.72090695,-0.935555556,7,Port,Manta,www.apmanta.gov.ec,10.000
-79.64269729,0.989444444,7,Port,Esmeraldas,www.puertoesmeraldas.gov.ec,10.000
-13.85883392,28.74138889,7,Port,Corralejo,,10.000
-5.310424028,35.89027778,7,Port,Ceuta,www.puertodeceuta.com,10.000
-2.922850412,35.28,7,Port,Melilla,www.puertodemelilla.es,10.000
-17.10512367,28.08805556,7,Port,San Sebastian de la Gomera,,10.000
-17.76666667,28.67583333,7,Port,Santa Cruz de La Palma,,10.000
24.4746172,58.38111111,7,Port,Parnu,www.transcom.ee,10.000
27.68987044,62.88833333,7,Port,Kuopio,,10.000
29.77709069,62.60444444,7,Port,Joensuu,www.jns.fi,10.000
27.87479388,62.3125,7,Port,Varkaus,,10.000
179.309364,-16.81777778,7,Port,Savusavu,www.fijiports.com.fj,10.000
-1.620376914,49.64638889,7,Port,Cherbourg,www.ville-cherbourg.fr/fr/ville_maritime/port_de_plaisance/,10.000
-0.326383981,49.19055556,7,Port,Caen,www.caen.port.fr,10.000
8.755300353,42.56583333,7,Port,Calvi,,10.000
8.900353357,41.67694444,7,Port,Propriano,www.corse-du-sud.cci.fr,10.000
-4.108127208,47.98944444,7,Port,Quimper,,10.000
-2.756360424,47.64388889,7,Port,Vannes,,10.000
138.1194935,9.513333333,7,Port,Yap,,10.000
-2.707773852,51.49888889,7,Port,Bristol,www.bristolport.co.uk,10.000
-0.285100118,53.74361111,7,Port,Hull,www.abports.co.uk/custinfo/ports/hull.htm,10.000
-1.590930506,54.965,7,Port,Newcastle upon Tyne,,10.000
-1.440930506,54.99444444,7,Port,Tyne,www.portoftyne.com,10.000
0.685806832,51.43472222,7,Port,Rochester,www.thamesport.co.uk,10.000
0.007420495,5.631944444,7,Port,Tema,www.ghanaports.gov.gh,10.000
25.88916372,40.84138889,7,Port,Alexandroupolis,,10.000
27.28987044,36.89444444,7,Port,Kos,,10.000
25.15070671,37.08777778,7,Port,Paros,,10.000
26.96666667,37.75444444,7,Port,Samos,,10.000
-45.23810365,60.13972222,7,Port,Nanortalik,www.ral.gl,10.000
-69.23510012,77.46694444,7,Port,Qaanaaq,,10.000
-57.52179034,6.237777778,7,Port,New Amsterdam,www.gnsc.com,10.000
-86.75689046,15.79388889,7,Port,La Ceiba,www.enp.hn,10.000
-87.45583039,15.78388889,7,Port,Tela,www.enp.hn,10.000
14.45759717,44.53833333,7,Port,Mali Losinj,,10.000
-72.53598351,18.23166667,7,Port,Jacmel,www.apn.gouv.ht,10.000
-74.10706714,18.64361111,7,Port,Jeremie,www.apn.gouv.ht,10.000
131.0203769,-1.3075,7,Port,Sorong,,10.000
97.14287397,5.166666667,7,Port,Lhokseumawe,www.inaport1.co.id,10.000
117.654947,4.145555556,7,Port,Nunukan,,10.000
105.3070671,-5.460277778,7,Port,Panjang,portal.inaport2.co.id,10.000
106.8904005,-6.101388889,7,Port,Tanjung Priok,www.priokport.co.id,10.000
74.80742049,12.92694444,7,Port,Mangalore,www.newmangalore-port.com,10.000
69.58739694,21.63944444,7,Port,Porbandar,www.gmbports.org,10.000
73.27179034,17.00194444,7,Port,Ratnagiri,,10.000
-9.456183746,51.68055556,7,Port,Bantry,bantrybayport.com,10.000
-6.456183746,52.34111111,7,Port,Wexford,,10.000
48.18545347,30.4325,7,Port,Khorramshahr,www.khport.ir,10.000
-14.28651355,64.66055556,7,Port,Djupivogur,www.djupivogur.is,10.000
-14.00883392,64.92972222,7,Port,Faskrudsfjordur,,10.000
-15.94146054,66.45638889,7,Port,Raufarhofn,www.raufarhofn.is,10.000
11.93792697,36.83333333,7,Port,Pantelleria,,10.000
15.09093051,37.49583333,7,Port,Catania,www.porto.catania.it,10.000
12.23545347,41.75583333,7,Port,Fiumicino,,10.000
12.6024735,35.49916667,7,Port,Lampedusa,,10.000
15.92532391,41.62416667,7,Port,Manfredonia,,10.000
-77.10671378,18.41027778,7,Port,Ocho Rios,www.portjam.com,10.000
-76.45176678,18.18111111,7,Port,Port Antonio,www.portjam.com,10.000
130.9856302,30.73166667,7,Port,Nishinoomote,www.city.nishinoomote.kagoshima.jp,10.000
140.0398704,39.76222222,7,Port,Akita,www.city.akita.akita.jp/city/in/hb/port,10.000
141.5235571,40.54583333,7,Port,Hachinohe,www.pref.aomori.lg.jp/kowankuko/english/minato/hachinohe/hachinohe.htm,10.000
124.1512367,24.33555556,7,Port,Ishigaki,,10.000
132.693404,33.85527778,7,Port,Matsuyama,,10.000
139.8035336,38.93944444,7,Port,Sakata,www.port-of-sakata.jp,10.000
134.0533569,34.35527778,7,Port,Takamatsu,,10.000
141.6891637,45.41055556,7,Port,Wakkanai,www.city.wakkanai.hokkaido.jp,10.000
134.187927,35.54027778,7,Port,Tottori,www.city.tottori.lg.jp,10.000
40.90159011,-2.268055556,7,Port,Lamu,www.kpa.co.ke,10.000
126.5881037,35.95972222,7,Port,Gunsan,gunsan.mltm.go.kr/eng,10.000
129.4028269,36.01972222,7,Port,Pohang,,10.000
129.1882803,37.43361111,7,Port,Samcheok,donghae.momaf.go.kr,10.000
128.5923439,38.20694444,7,Port,Sokcho,donghae.momaf.go.kr,10.000
129.3856302,35.48777778,7,Port,Ulsan,ulsan.mltm.go.kr,10.000
35.81914016,34.45527778,7,Port,Tripoli,www.tripoliport.com,10.000
-10.05265018,5.858055556,7,Port,Buchanan,www.nationalportauthorityliberia.org,10.000
13.19358068,32.9075,7,Port,Tripoli,www.lpclibya.com,10.000
-9.634923439,30.42388889,7,Port,Agadir,www.marsamaroc.co.ma,10.000
-3.919846879,35.24777778,7,Port,Al Hoceima,http://www.marsamaroc.co.ma,10.000
-15.93386337,23.68222222,7,Port,Dakhla,www.marsamaroc.co.ma,10.000
50.2762073,-14.9,7,Port,Antalaha,,10.000
48.01878681,-22.1425,7,Port,Manakara,,10.000
48.3262073,-21.24916667,7,Port,Mananjary,,10.000
44.27196702,-20.28861111,7,Port,Morondava,,10.000
49.42196702,-18.15722222,7,Port,Toamasina,,10.000
-111.3368669,26.01472222,7,Port,Loreto,,10.000
-90.59040047,19.8125,7,Port,Campeche,www.fis.com/campeche,10.000
-86.95742049,20.495,7,Port,Cozumel,www.apiqroo.com.mx,10.000
-110.310424,24.16944444,7,Port,La Paz,www.bajaport.com,10.000
-87.06772674,20.62444444,7,Port,Playa del Carmen,www.apiqroo.com.mx,10.000
-113.5423439,31.30611111,7,Port,Puerto Penasco,,10.000
-105.2409305,20.65916667,7,Port,Puerto Vallarta,www.apivta.com,10.000
-94.41896349,18.12972222,7,Port,Coatzacoalcos,www.apicoatza.com,10.000
94.72338045,16.77972222,7,Port,Bassein,www.mot.gov.mm/mpa/index.html,10.000
40.6671967,-14.54138889,7,Port,Nacala,www.cfmnet.co.mz,10.000
40.48492344,-12.96666667,7,Port,Pemba,www.cfmnet.co.mz,10.000
36.87709069,-17.88166667,7,Port,Quelimane,www.cfmnet.co.mz,10.000
57.48987044,-20.14805556,7,Port,Port Louis,www.mauport.com,10.000
102.1233804,2.248888889,7,Port,Malacca,www.portsworld.com/Ports/mallacaport.htm,10.000
101.7886337,2.536111111,7,Port,Port Dickson,www.portsworld.com/Ports/portdickson.htm,10.000
14.50053004,-22.94055556,7,Port,Walvis Bay,www.namport.com,10.000
8.316843345,4.986388889,7,Port,Calabar,www.nigerianports.org,10.000
6.586866902,53.21833333,7,Port,Groningen,,10.000
23.23704358,69.96777778,7,Port,Alta,www.altahavn.no,10.000
16.1237338,69.32416667,7,Port,Andenes,,10.000
12.20194346,65.4725,7,Port,Bronnoysund,www.bronnoyhavn.com,10.000
6.789870436,58.08861111,7,Port,Farsund,,10.000
5.002826855,61.59777778,7,Port,Floro,,10.000
7.986336867,58.14194444,7,Port,Kristiansand,www.kristiansandhavn.no,10.000
11.49004711,64.46416667,7,Port,Namsos,www.namsos.kommune.no,10.000
11.22691402,64.86055556,7,Port,Rorvik,,10.000
12.61878681,66.02166667,7,Port,Sandnessjoen,,10.000
14.90989399,68.56833333,7,Port,Stokmarknes,www.hadselhavnevesen.no,10.000
5.501413428,59.78,7,Port,Stord,,10.000
174.004417,-41.28555556,7,Port,Picton,portmarlborough.co.nz,10.000
170.5193168,-45.87583333,7,Port,Dunedin,,10.000
54.00318021,16.94166667,7,Port,Salalah,www.salalahport.com,10.000
62.33863369,25.11222222,7,Port,Gwadar,,10.000
-82.23757362,9.34,7,Port,Bocas del Toro,www.cocatram.org.ni/puertosca/pto_bocasdeltoro_panama.html,10.000
-78.15106007,8.413611111,7,Port,La Palma,www.cocatram.org.ni/puertosca/pto_lapalma_panama.html,10.000
-78.60777385,-9.076666667,7,Port,Chimbote,www.enapu.com.pe,10.000
-71.34375736,-17.64694444,7,Port,Ilo,www.enapu.com.pe,10.000
-72.01024735,-17.03111111,7,Port,Mollendo,,10.000
-76.22196702,-13.73305556,7,Port,Pisco,,10.000
123.3081272,9.311944444,7,Port,Dumaguete,www.ppa.com.ph,10.000
125.1542403,6.086111111,7,Port,General Santos,www.ppa.com.ph,10.000
154.671967,-5.431944444,7,Port,Buka,www.pngports.com.pg,10.000
143.2065371,-9.068333333,7,Port,Daru,www.pngports.com.pg,10.000
146.9847468,-6.741111111,7,Port,Lae,www.pngports.com.pg,10.000
145.8003534,-5.213333333,7,Port,Madang,www.pngports.com.pg,10.000
18.66878681,54.39333333,7,Port,Gdansk,www.portgdansk.pl,10.000
18.53845701,54.53333333,7,Port,Gdynia,www.port.gdynia.pl,10.000
-67.15706714,18.42944444,7,Port,Aguadilla,,10.000
-66.70035336,18.48138889,7,Port,Arecibo,www.prpa.gobierno.pr,10.000
-67.15689046,18.21388889,7,Port,Mayaguez,www.prpa.gobierno.pr,10.000
-7.926030624,37.01055556,7,Port,Faro,,10.000
-151.75,-16.51666667,7,Port,Bora-Bora,www.portdepapeete.pf,10.000
28.81684335,45.19111111,7,Port,Tulcea,apdm.galati.ro,10.000
61.55918728,69.75611111,7,Port,Amderma,,10.000
177.5386337,64.74416667,7,Port,Anadyr,morport.chukotnet.ru,10.000
170.2770907,69.70166667,7,Port,Pevek,,10.000
-16.07196702,14.12944444,7,Port,Kaolack,www.portdakar.sn,10.000
-16.26808009,12.58972222,7,Port,Ziguinchor,www.portdakar.sn,10.000
15.6237338,78.22611111,7,Port,Longyearbyen,,10.000
156.8388104,-8.101388889,7,Port,Gizo,,10.000
157.7260306,-8.499722222,7,Port,Viru Harbour,,10.000
42.54110718,-0.374166667,7,Port,Kismayu,,10.000
13.52020024,59.37527778,7,Port,Karlstad,www.vanerhamn.se,10.000
13.15936396,58.50916667,7,Port,Lidkoping,www.vanerhamn.se,10.000
21.25176678,64.67833333,7,Port,Skelleftea,,10.000
20.26772674,63.81666667,7,Port,Umea,www.umeahamn.se,10.000
-72.25600707,21.76277778,7,Port,Providenciales,www.turksandcaicosislands.gov.tc,10.000
100.5696702,7.228611111,7,Port,Songkhla,www.md.go.th,10.000
27.95724382,40.35416667,7,Port,Bandirma,www.tcdd.gov.tr,10.000
36.34040047,41.29972222,7,Port,Samsun,www.tcdd.gov.tr,10.000
35.14287397,42.02333333,7,Port,Sinop,,10.000
39.73651355,41.00555556,7,Port,Trabzon,,10.000
33.54146054,44.61888889,7,Port,Sevastopol,ukrport.org.ua,10.000
-135.3223204,59.45083333,7,Port,Skagway,,10.000
-146.3570671,61.10361111,7,Port,Valdez,www.ci.valdez.ak.us/port,10.000
-84.98669022,29.7275,7,Port,Apalachicola,,10.000
-76.47426384,38.965,7,Port,Annapolis,www.portannapolis.com,10.000
-76.07108363,38.57416667,7,Port,Cambridge,www.ci.cambridge.md.us,10.000
-122.7836867,45.60583333,7,Port,Portland,www.portofportlandor.com,10.000
-122.6377503,47.5625,7,Port,Bremerton,www.portofbremerton.org,10.000
-69.10212014,44.10305556,7,Port,Rockland,www.ci.rockland.me.us,10.000
-122.0014134,36.96638889,7,Port,Santa Cruz,www.santacruzharbor.org,10.000
-76.23951708,36.7225,7,Port,Chesapeake,,10.000
-64.18775029,10.47416667,7,Port,Cumana,www.selinger.com/cumana.htm,10.000
106.6751472,20.86722222,7,Port,Hai Phong,www.haiphongport.com.vn,10.000
19.9105720604871,39.6219501403873,7,Port,Corfu,,10.000
30.1676571863461,31.33492329288,7,Port,Alexandria,,10.000
-5.82495424184161,35.7961135356943,7,Port,Tangier,,10.000
-79.85,43.25,7,Port,Hamilton,,10.000
-83.03,42.31,7,Port,Windsor,,10.000
-83.11,42.28,7,Port,Rouge River,,10.000
-80.93,44.58,7,Port,Owen Sound,,10.000
-84.35,46.51,7,Port,Sault Ste Marie,,10.000
-83.93,43.43,7,Port,Saginaw,,10.000
-84.46,45.65,7,Port,Cheboygan,,10.000
-84.35,46.5,7,Port,Sault Ste Marie,,10.000
-86.26,43.23,7,Port,Muskegon,,10.000
-87.33,41.61,7,Port,Gary,,10.000
-87.81,42.36,7,Port,Waukegan,,10.000
-88.56,47.11,7,Port,Houghton,,10.000
-132.38,56.46,7,Port,Wrangell,,10.000
-132.95,56.81,7,Port,Petersburg,,10.000
24.56,65.73,7,Port,Kemi,,10.000
21.58,63.1,7,Port,Vaasa,,10.000
22.23,60.45,7,Port,Turku,,10.000
21.01,56.51,7,Port,Liepaja,,10.000
4.11,51.95,7,Port,Europoort,,10.000
-6.36,58.18,7,Port,Stornoway Harbor,,10.000
-9.16,38.7,7,Port,Lisboa,,10.000
-6.33,36.8,7,Port,Bonanza,,10.000
1.45,38.9,7,Port,Ibiza,,10.000
39.71,47.16,7,Port,Rostov-Na-Donu,,10.000
34.76,32.06,7,Port,Tel Aviv Yafo,,10.000
10.25,36.8,7,Port,Tunis,,10.000
5.08,36.75,7,Port,Bejaia,,10.000
3.06,36.76,7,Port,Alger,,10.000
-16.51,16.01,7,Port,St Louis,,10.000
3.3,6.41,7,Port,Tin Can Island,,10.000
40.73,-15.03,7,Port,Mocambique,,10.000
42.75,13.0,7,Port,Assab,,10.000
39.46,15.61,7,Port,Massawa,,10.000
34.95,29.55,7,Port,Elat,,10.000
47.96,29.38,7,Port,Al Kuwayt,,10.000
72.83,18.83,7,Port,Bombay,,10.000
72.93,18.95,7,Port,Jawaharlal Nehru Port,,10.000
76.23,9.96,7,Port,Cochin,,10.000
80.3,13.1,7,Port,Madras,,10.000
88.31,22.55,7,Port,Calcutta,,10.000
98.4,7.83,7,Port,Phuket,,10.000
100.35,5.41,7,Port,Pulau Pinang,,10.000
98.68,3.78,7,Port,Belawan,,10.000
110.41,-6.95,7,Port,Semarang,,10.000
123.58,-10.16,7,Port,Kupang,,10.000
110.35,1.56,7,Port,Kuching,,10.000
113.96,4.38,7,Port,Miri,,10.000
116.06,5.98,7,Port,Kota Kinabalu,,10.000
118.11,5.83,7,Port,Pelabuhan Sandakan,,10.000
119.4,-5.13,7,Port,Ujungpandang,,10.000
125.61,7.06,7,Port,Davao,,10.000
118.75,32.08,7,Port,Nanjing,,10.000
114.28,30.58,7,Port,Hankow,,10.000
112.98,28.2,7,Port,Chang Sha,,10.000
135.16,48.5,7,Port,Khabarovsk,,10.000
158.65,53.05,7,Port,Petropavlovsk,,10.000
12.13545347,-15.19361111,6,Port,Namibe,www.otal.com/angola,20.000
-62.27090695,-38.79138889,6,Port,Bahia Blanca,www.puertobahiablanca.com,20.000
-57.89022379,-34.85527778,6,Port,La Plata,www.laplataport.com.ar,20.000
-68.30088339,-54.80944444,6,Port,Ushuaia,www.puertoushuaia.gov.ar,20.000
-65.03333333,-42.73611111,6,Port,Puerto Madryn,www.appm.com.ar,20.000
-170.687927,-14.27416667,6,Port,Pago Pago,americansamoa.gov,20.000
149.2237338,-21.10833333,6,Port,Mackay,www.nqbp.com.au,20.000
135.8694935,-34.71833333,6,Port,Port Lincoln,www.flindersports.com.au,20.000
138.0072438,-33.17694444,6,Port,Port Pirie,www.flindersports.com.au,20.000
117.8866902,-35.03166667,6,Port,Albany,www.albanyport.com.au,20.000
115.4709069,-20.72583333,6,Port,Barrow Island,,20.000
115.6512367,-33.31527778,6,Port,Bunbury,www.byport.com.au,20.000
145.9081272,-41.05277778,6,Port,Burnie,www.tasports.com.au,20.000
144.3873969,-38.12666667,6,Port,Geelong,www.geelongport.com.au,20.000
151.2517668,-23.83,6,Port,Gladstone,www.gpcl.com.au,20.000
151.7691402,-32.9075,6,Port,Newcastle,www.newportcorp.com.au,20.000
150.8935807,-34.4625,6,Port,Port Kembla,www.kemblaport.com.au,20.000
141.609364,-38.34916667,6,Port,Portland,www.portofportland.com.au,20.000
142.2189635,-10.58555556,6,Port,Thursday Island,www.cairnsports.com.au,20.000
146.8247939,-19.25083333,6,Port,Townsville,www.townsville-port.com.au,20.000
141.8666667,-12.67,6,Port,Weipa,www.nqbp.com.au,20.000
137.5907538,-33.03833333,6,Port,Whyalla,www.onesteel.com,20.000
128.1008834,-15.45138889,6,Port,Wyndham,,20.000
4.386160188,50.88611111,6,Port,Brussel (Bruxelles),www.portdebruxelles.irisnet.be,20.000
3.76737338,51.11444444,6,Port,Gent (Ghent),www.havengent.be,20.000
-39.02567727,-14.78027778,6,Port,Ilheus,www.codeba.com.br,20.000
-35.72232038,-9.678888889,6,Port,Maceio,www.portodemaceio.com.br,20.000
-35.2,-5.783055556,6,Port,Natal,www.codern.com.br,20.000
-52.0762073,-32.05611111,6,Port,Rio Grande,www.portoriogrande.com.br,20.000
-40.33510012,-20.32333333,6,Port,Vitoria,www.portodevitoria.com.br,20.000
-127.6888104,52.35083333,6,Port,Ocean Falls,,20.000
-53.9868669,47.29305556,6,Port,Argentia,www.argentia.ca/port.html,20.000
-65.65,47.61666667,6,Port,Bathurst,,20.000
-64.43722026,48.82444444,6,Port,Gaspe,www.tc.gc.ca/quebec/en/port/gaspe.htm,20.000
-124.8193168,49.23,6,Port,Port Alberni,www.portalberniportauthority.ca,20.000
-124.5247939,49.835,6,Port,Powell River,www.powellriver.ca,20.000
-66.38386337,50.20638889,6,Port,Sept-Iles,www.portsi.com,20.000
-60.20300353,46.14194444,6,Port,Sydney,www.portofsydney.ca,20.000
-72.53898704,46.33583333,6,Port,Trois-Rivieres (Three Rivers),www.porttr.com,20.000
-66.12090695,43.83555556,6,Port,Yarmouth,www.portofyarmouth.com,20.000
-68.50812721,48.47777778,6,Port,Rimouski,,20.000
-69.56808009,47.84666667,6,Port,Riviere-du-Loup,,20.000
-55.57709069,51.36666667,6,Port,Saint-Anthony,,20.000
-63.78704358,46.38861111,6,Port,Summerside,,20.000
-70.32196702,-18.47305556,6,Port,Arica,www.puertoarica.cl,20.000
-70.20565371,-22.08611111,6,Port,Tocopilla,,20.000
109.0705536,21.45861111,6,Port,Beihai,,20.000
113.0019435,22.5025,6,Port,Jiangmen,www.jmct.com.cn,20.000
120.8847468,27.99833333,6,Port,Wenzhou,www.wzport.com,20.000
121.388987,37.57111111,6,Port,Yantai,www.yantaiport.com.cn,20.000
113.5842167,22.23972222,6,Port,Zhuhai,www.zhuhai-port.com,20.000
-74.21702002,11.25194444,6,Port,Santa Marta,www.spsm.com.co,20.000
-77.05335689,3.883055556,6,Port,Buenaventura,www.puertobuenaventura.com,20.000
-23.50318021,14.94472222,6,Port,Praia,www.enapor.cv,20.000
-83.16666667,8.637777778,6,Port,Golfito,,20.000
-80.45371025,22.14,6,Port,Cienfuegos,,20.000
-77.13351001,20.3375,6,Port,Manzanillo,,20.000
-81.53704358,23.05138889,6,Port,Matanzas,,20.000
-75.85671378,20.00166667,6,Port,Santiago de Cuba,,20.000
7.192873969,53.34611111,6,Port,Emden,www.seaport-emden.de,20.000
9.436866902,54.80333333,6,Port,Flensburg,www.flensburg-tourismus.de,20.000
8.122143698,53.53,6,Port,Wilhelmshaven,www.wilhelmshaven-port.de,20.000
8.433863369,55.46555556,6,Port,Esbjerg,www.port-of-esbjerg.dk,20.000
10.3868669,55.4175,6,Port,Odense,www.odensehavn.dk,20.000
9.776737338,54.90694444,6,Port,Sonderborg,www.sonderborg-kommune.dk,20.000
14.68775029,55.09611111,6,Port,Ronne,www.roennehavn.dk,20.000
-71.08651355,18.21222222,6,Port,Barahona,www.apordom.gov.do,20.000
-71.654947,17.92527778,6,Port,Cabo Rojo,www.apordom.gov.do,20.000
-0.636690224,35.7125,6,Port,Oran,,20.000
-8.387926973,43.36305556,6,Port,A Coruna,www.puertocoruna.com,20.000
-2.471260306,36.83222222,6,Port,Almeria,www.apalmeriamotril.com,20.000
-5.688633687,43.55861111,6,Port,Gijon,www.puertogijon.es,20.000
-1.986866902,43.32277778,6,Port,San Sebastian,,20.000
-3.804946996,43.44222222,6,Port,Santander,www.puertosantander.es,20.000
1.220200236,41.09611111,6,Port,Tarragona,www.porttarragona.es,20.000
25.45459364,65.01583333,6,Port,Oulu,www.ouluport.com,20.000
-1.493757362,43.51972222,6,Port,Bayonne,www.bayonne.cci.fr,20.000
1.575500589,50.72361111,6,Port,Boulogne-sur-Mer,www.portboulogne.com,20.000
-4.471436985,48.38055556,6,Port,Brest,www.brest.port.fr,20.000
7.009187279,43.54805556,6,Port,Cannes,www.riviera-ports.com,20.000
-1.617550059,49.65222222,6,Port,Cherbourg,www.port-cherbourg.com,20.000
1.08598351,49.92638889,6,Port,Dieppe,,20.000
-1.601060071,48.83472222,6,Port,Granville,www.granville.cci.fr,20.000
-1.157773852,46.14666667,6,Port,La Rochelle,www.larochelle.port.fr,20.000
-3.352120141,47.73416667,6,Port,Lorient,www.lorient.port.fr,20.000
-3.834923439,48.58527778,6,Port,Morlaix,,20.000
-0.953003534,45.94916667,6,Port,Rochefort,www.rochefort.port.fr,20.000
5.904770318,43.11055556,6,Port,Toulon,,20.000
9.500883392,0.288333333,6,Port,Owendo,www.ports-gabon.com,20.000
-2.074617197,57.14222222,6,Port,Aberdeen,www.aberdeen-harbour.co.uk,20.000
-3.007243816,53.43638889,6,Port,Liverpool,www.merseydocks.co.uk,20.000
-4.154063604,50.36472222,6,Port,Plymouth,www.abports.co.uk/custinfo/ports/plym.htm,20.000
-1.1,50.8075,6,Port,Portsmouth,www.portsmouth-port.co.uk,20.000
41.65053004,41.64888889,6,Port,Batumi,www.batumiport.com,20.000
24.40194346,40.93138889,6,Port,Kavala,,20.000
26.13775029,38.37722222,6,Port,Chios,www.chiosport.gr,20.000
22.10812721,37.02277778,6,Port,Kalamata,,20.000
21.73492344,38.25444444,6,Port,Patras,www.patrasport.gr,20.000
22.93669022,39.35277778,6,Port,Volos,www.port-volos.gr,20.000
-52.11914016,70.67472222,6,Port,Uummannaq,www.ral.gl,20.000
-88.6040636,15.72833333,6,Port,Puerto Barrios,www.puertobarriosonline.com,20.000
13.83474676,44.87166667,6,Port,Pula,www.luckauprava-pula.hr,20.000
14.42232038,45.3275,6,Port,Rijeka,www.portauthority.hr,20.000
16.42550059,43.515,6,Port,Split,www.portsplit.com,20.000
114.5553004,-3.321944444,6,Port,Banjarmasin,www.pp3.co.id,20.000
107.6270907,-2.75,6,Port,Tanjung Pandan,portal.inaport2.co.id,20.000
92.72391048,11.67222222,6,Port,Port Blair,,20.000
70.22232038,23.01361111,6,Port,Kandla,www.kandlaport.com,20.000
79.82232038,11.91416667,6,Port,Pondicherry,port.pon.nic.in,20.000
-8.424440518,51.90111111,6,Port,Cork,www.portofcork.ie,20.000
-9.043757362,53.27,6,Port,Galway,www.galwayharbour.com,20.000
50.8368669,28.98472222,6,Port,Bushehr,www.pso.ir,20.000
13.49234393,43.61833333,6,Port,Ancona,www.autoritaportuale.ancona.it,20.000
16.85530035,41.13694444,6,Port,Bari,www.porto.bari.it,20.000
9.107597173,39.20416667,6,Port,Cagliari,www.porto.cagliari.it,20.000
9.517903416,40.92277778,6,Port,Olbia,www.olbiagolfoaranci.it,20.000
14.2237338,42.46777778,6,Port,Pescara,,20.000
15.64375736,38.12444444,6,Port,Reggio Calabria,,20.000
12.50388693,38.01361111,6,Port,Trapani,,20.000
140.742874,40.83138889,6,Port,Aomori,www.pref.aomori.lg.jp/kowankuko/english/minato/aomori/aomori.htm,20.000
140.7090106,41.78777778,6,Port,Hakodate,www.hakodate-port.jp,20.000
130.5687868,31.5925,6,Port,Kagoshima,www.pref.kagoshima.jp/home/kowanka/cruise-net/english/01kagoshima,20.000
133.5570671,33.52416667,6,Port,Kochi,www.pref.kochi.lg.jp,20.000
144.3522968,42.98861111,6,Port,Kushiro,www.city.kushiro.hokkaido.jp,20.000
133.2595406,33.97083333,6,Port,Niihama,,20.000
131.6760306,33.27222222,6,Port,Oita,www.pref.oita.jp/14300/faz/faz1/english/faz_en.html,20.000
130.9010601,33.93444444,6,Port,Shimonoseki,www.shimonoseki-port.com,20.000
141.6533569,42.6375,6,Port,Tomakomai,www.jptmk.com,20.000
137.2226737,36.75722222,6,Port,Toyama,,20.000
131.2377503,33.93833333,6,Port,Ube,,20.000
40.12302709,-3.213611111,6,Port,Malindi,www.kpa.co.ke,20.000
81.20388693,8.558333333,6,Port,Trincomalee,www.slpa.lk,20.000
21.13421673,55.68722222,6,Port,Klaipeda,www.portofklaipeda.lt,20.000
-9.242697291,32.3075,6,Port,Safi,www.sodep.co.ma,20.000
-116.6228504,31.85083333,6,Port,Ensenada,www.puertoensenada.com.mx,20.000
-110.8687868,27.91916667,6,Port,Guaymas,www.puertodeguaymas.com,20.000
-104.3008834,19.07055556,6,Port,Manzanillo,www.puerto-de-manzanillo.com.mx,20.000
-95.20194346,16.15722222,6,Port,Salina Cruz,www.apisal.com.mx,20.000
145.7349234,15.22583333,6,Port,Saipan,www.cpa.gov.mp,20.000
-17.0418139,20.9075,6,Port,Nouadhibou,,20.000
15.15371025,-26.63777778,6,Port,Luderitz,www.namport.com,20.000
-83.75689046,12.01194444,6,Port,Bluefields,,20.000
6.171613663,62.4725,6,Port,Alesund,www.alesund.havn.no,20.000
29.71772674,70.63416667,6,Port,Batsfjord,,20.000
14.37267373,67.28888889,6,Port,Bodo,www.bodohavn.no,20.000
23.67108363,70.66722222,6,Port,Hammerfest,,20.000
5.25565371,59.41222222,6,Port,Haugesund,www.karmsund-havn.no,20.000
30.05565371,69.72833333,6,Port,Kirkenes,,20.000
7.733333333,63.115,6,Port,Kristiansund,www.knhavn.no,20.000
14.1237338,66.315,6,Port,Mo i Rana,www.portofmoirana.no,20.000
7.157420495,62.73638889,6,Port,Molde,www.moldehavn.no,20.000
13.1868669,65.85194444,6,Port,Mosjoen,,20.000
17.41861013,68.43861111,6,Port,Narvik,www.portofnarvik.com,20.000
5.737220259,58.97888889,6,Port,Stavanger,www.stavanger-havn.no,20.000
29.73757362,70.07111111,6,Port,Vadso,,20.000
31.10388693,70.37333333,6,Port,Vardo,,20.000
174.0377503,-39.05722222,6,Port,New Plymouth,www.porttaranaki.co.nz,20.000
178.0224971,-38.6725,6,Port,Gisborne,www.eastland.co.nz,20.000
171.20053,-42.44472222,6,Port,Greymouth,www.greydc.govt.nz,20.000
176.9180801,-39.475,6,Port,Napier,www.portofnapier.co.nz,20.000
176.1740872,-37.65944444,6,Port,Tauranga,www.port-tauranga.co.nz,20.000
174.9895171,-39.94416667,6,Port,Wanganui,,20.000
171.5912839,-41.75027778,6,Port,Westport,www.westportharbour.co.nz,20.000
174.3426973,-35.75111111,6,Port,Whangarei,www.nrc.govt.nz,20.000
171.2542403,-44.38916667,6,Port,Timaru,www.primeport.co.nz,20.000
-81.2746172,-4.573055556,6,Port,Talara,www.ultramarnetwork.com/TextosPeru/Marc-014.html,20.000
123.6198469,12.36805556,6,Port,Masbate,www.ppa.com.ph,20.000
120.2747939,14.80833333,6,Port,Subic Bay,www.sbma.com,20.000
150.4510601,-10.31277778,6,Port,Alotau,www.pngports.com.pg,20.000
150.7866902,-2.584722222,6,Port,Kavieng,www.pngports.com.pg,20.000
155.626914,-6.215277778,6,Port,Kieta,www.pngports.com.pg,20.000
152.1851001,-4.241111111,6,Port,Rabaul,www.pngports.com.pg,20.000
141.2923439,-2.683611111,6,Port,Vanimo,www.pngports.com.pg,20.000
-66.61024735,17.96805556,6,Port,Ponce,www.puertodelasamericaspr.com,20.000
-8.867020024,37.94277778,6,Port,Sines,www.portodesines.pt,20.000
-28.62196702,38.53,6,Port,Horta,,20.000
40.55636042,64.5425,6,Port,Arkhangelsk,www.ascp.ru,20.000
33.04146054,68.9725,6,Port,Murmansk,,20.000
128.8728504,71.64305556,6,Port,Tiksi,,20.000
42.5352768,16.89027778,6,Port,Jizan,www.ports.gov.sa,20.000
45.0,10.44083333,6,Port,Berbera,,20.000
-57.00176678,5.951666667,6,Port,Nieuw Nickerie,,20.000
13.00159011,55.62555556,6,Port,Malmo,www.cmport.com,20.000
17.19269729,60.68444444,6,Port,Gavle,www.gavle.se,20.000
12.85,56.655,6,Port,Halmstad,www.halmstadharbour.se,20.000
12.68757362,56.03333333,6,Port,Helsingborg,www.port.helsingborg.se,20.000
17.11861013,61.72166667,6,Port,Hudiksvall,,20.000
16.36914016,56.65916667,6,Port,Kalmar,www.kalmar.se/kalmarhamn,20.000
18.72585395,63.27611111,6,Port,Ornskoldsvik,,20.000
15.3,56.17472222,6,Port,Ronneby,,20.000
17.0893404,61.30833333,6,Port,Soderhamn,www.sshab.se,20.000
16.65194346,57.75583333,6,Port,Vastervik,www.osterstroms.com,20.000
18.2746172,57.63555556,6,Port,Visby,www.visbyport.com,20.000
27.50795053,40.9675,6,Port,Tekirdag,www.akport.com.tr,20.000
39.10318021,-5.065555556,6,Port,Tanga,www.tanzaniaports.com,20.000
32.60742049,46.61861111,6,Port,Kherson,www.ukrport.org.ua,20.000
-57.84216726,-34.47166667,6,Port,Colonia,www.anp.com.uy,20.000
-145.7563604,60.55,6,Port,Cordova,www.cityofcordova.net,20.000
-131.6712603,55.34694444,6,Port,Ketchikan,www.city.ketchikan.ak.us,20.000
-68.76984688,44.79194444,6,Port,Bangor,www.bangormaine.gov/cs_inf_harbor.php,20.000
-121.3230271,37.95055556,6,Port,Stockton,www.portofstockton.com,20.000
-73.17638398,41.1725,6,Port,Bridgeport,www.portofbridgeport.com,20.000
-72.90954064,41.28638889,6,Port,New Haven,www.cityofnewhaven.com/PortAuthority,20.000
-80.10865724,26.08444444,6,Port,Port Everglades,www.broward.org/port,20.000
-81.12249706,32.11083333,6,Port,Savannah,www.gaports.com,20.000
-70.23951708,43.65333333,6,Port,Portland,www.portofportlandmaine.org,20.000
-89.08845701,30.35861111,6,Port,Gulfport,www.shipmspa.com,20.000
-70.76861013,43.0875,6,Port,Portsmouth,www.portofnh.org,20.000
-74.13722026,40.7,6,Port,Newark,www.panynj.gov,20.000
-123.8262073,46.18944444,6,Port,Astoria,www.portofastoria.com,20.000
-80.10865724,26.08444444,6,Port,Port Everglades,www.broward.org/port,20.000
-97.40459364,27.81277778,6,Port,Corpus Christi,www.portofcorpuschristi.com,20.000
-88.53722026,30.35138889,6,Port,Pascagoula,www.portofpascagoula.com,20.000
-122.4042403,47.26722222,6,Port,Tacoma,www.portoftacoma.com,20.000
-94.08421673,30.07777778,6,Port,Beaumont,www.portofbeaumont.com,20.000
-122.9007067,47.05333333,6,Port,Olympia,www.portolympia.com,20.000
-123.4351001,48.13083333,6,Port,Port Angeles,www.portofpa.com,20.000
-122.7531802,48.11444444,6,Port,Port Townsend,www.portofpt.com,20.000
-67.99305065,10.47722222,6,Port,Puerto Cabello,www.ipapc.gov.ve,20.000
49.14375736,14.52222222,6,Port,Mukalla,www.portofaden.com,20.000
27.90477032,-33.02527778,6,Port,East London,http://www.transnetnationalportsauthority.net,20.000
21.41825677,-34.37527778,6,Port,Mossel Bay,www.transnetnationalportsauthority.net,20.000
32.05618375,-28.80472222,6,Port,Richards Bay,www.transnetnationalportsauthority.net,20.000
-80.1,42.15,6,Port,Erie,,20.000
-83.86,43.6,6,Port,Bay City,,20.000
-87.88,43.03,6,Port,Milwaukee,,20.000
-124.21,43.36,6,Port,Coos Bay,,20.000
-135.33,57.05,6,Port,Sitka,,20.000
-152.4,57.78,6,Port,Kodiak,,20.000
13.56931684,-12.33694444,5,Port,Lobito,,30.000
54.37267373,24.525,5,Port,Abu Dhabi,www.portzayed.gov.ae,30.000
-67.45989399,-45.85583333,5,Port,Comodoro Rivadavia,,30.000
-57.53333333,-38.04277778,5,Port,Mar del Plata,www.consejoportuario.com.ar,30.000
145.7755006,-16.92972222,5,Port,Cairns,www.cairnsport.com.au,30.000
122.2091873,-18.0025,5,Port,Broome,www.broomeport.com,30.000
146.3675501,-41.16777778,5,Port,Devonport,www.tasports.com.au,30.000
147.3358068,-42.88027778,5,Port,Hobart,www.tasports.com.au,30.000
4.293757362,51.29777778,5,Port,Antwerpen,www.portofantwerp.be,30.000
27.88863369,43.19444444,5,Port,Varna,www.port-varna.bg,30.000
-88.20194346,17.47972222,5,Port,Belize City,,30.000
-64.77638398,32.29111111,5,Port,Hamilton,,30.000
-48.48474676,-1.451666667,5,Port,Belem,www.cdp.com.br,30.000
-48.51914016,-25.50083333,5,Port,Paranagua,www.portosdoparana.pr.gov.br,30.000
-51.22408716,-30.0175,5,Port,Porto Alegre,,30.000
-34.86896349,-8.053611111,5,Port,Recife,www.portodorecife.pe.gov.br,30.000
-38.50477032,-12.95861111,5,Port,Salvador,www.codeba.com.br,30.000
-46.30053004,-23.96888889,5,Port,Santos,www.portodesantos.com,30.000
-63.11896349,46.23166667,5,Port,Charlottetown,,30.000
-63.57444052,44.65694444,5,Port,Halifax,www.portofhalifax.ca,30.000
-123.926384,49.16944444,5,Port,Nanaimo,www.npa.ca,30.000
-71.2090106,46.80583333,5,Port,Quebec,www.portquebec.ca,30.000
-123.4065371,48.43111111,5,Port,Victoria,www.victoriaharbour.org,30.000
-130.3370436,54.30972222,5,Port,Prince Rupert,www.rupertport.com,30.000
-66.05989399,45.26777778,5,Port,Saint-John,www.sjport.com,30.000
-70.40371025,-23.65027778,5,Port,Antofagasta,www.puertoantofagasta.cl,30.000
-70.15176678,-20.20277778,5,Port,Iquique,www.epi.cl,30.000
-72.95441696,-41.48361111,5,Port,Puerto Montt,www.empormontt.cl,30.000
110.2749706,20.02777778,5,Port,Haikou,,30.000
121.5533569,29.86666667,5,Port,Ningbo,www.nbport.com.cn/wps/portal,30.000
118.0200236,24.45,5,Port,Xiamen,www.portxiamen.com.cn,30.000
-3.966666667,5.233055556,5,Port,Abidjan,www.paa-ci.org,30.000
9.685630153,4.055,5,Port,Douala,www.otal.com/cameroon/index.htm,30.000
11.82691402,-4.784444444,5,Port,Pointe Noire,,30.000
-74.75618375,10.96722222,5,Port,Barranquilla,www.spdelnorte.com,30.000
43.24322733,-11.70138889,5,Port,Moroni,,30.000
-82.75600707,23.00638889,5,Port,Mariel,,30.000
33.6393404,34.92416667,5,Port,Larnaca,www.cpa.gov.cy,30.000
33.01772674,34.65,5,Port,Limassol,www.cpa.gov.cy,30.000
8.751060071,53.0975,5,Port,Bremen,www.bremen-ports.de,30.000
9.958480565,53.52472222,5,Port,Hamburg,www.hafen-hamburg.de,30.000
43.13563015,11.60194444,5,Port,Djibouti,www.dpworld-djiboutiport.com,30.000
10.00530035,57.06111111,5,Port,Aalborg,www.aalborghavn.dk,30.000
9.74057715,55.55805556,5,Port,Fredericia,www.adp-as.com,30.000
-0.48828033,38.33527778,5,Port,Alicante,www.puertoalicante.com,30.000
-3.026914016,43.3425,5,Port,Bilbao,www.bilbaoport.es,30.000
-0.318433451,39.44416667,5,Port,Valencia,www.valenciaport.com,30.000
-60.07073027,-51.95555556,5,Port,Fox Bay,,30.000
8.738810365,41.92,5,Port,Ajaccio,www.corse-du-sud.cci.fr,30.000
9.451943463,42.7,5,Port,Bastia,www.port-de-bastia.net,30.000
-0.553180212,44.86527778,5,Port,Bordeaux,www.bordeaux-port.fr,30.000
1.850176678,50.96583333,5,Port,Calais,www.calais-port.com,30.000
2.170906949,51.02166667,5,Port,Dunkerque,www.portdedunkerque.fr,30.000
0.235100118,49.42222222,5,Port,Honfleur,www.pays-auge.cci.fr/port/index.html,30.000
9.43368669,0.400833333,5,Port,Libreville,www.ports-gabon.com,30.000
8.785276796,-0.711944444,5,Port,Port Gentil,www.ports-gabon.com,30.000
-5.891107185,54.62055556,5,Port,Belfast,www.belfast-harbour.co.uk,30.000
1.322143698,51.12083333,5,Port,Dover,www.doverport.co.uk,30.000
-4.234746761,57.48666667,5,Port,Inverness,www.invernessharbour.co.uk,30.000
-1.738457008,4.884166667,5,Port,Takoradi,www.ghanaports.gov.gh,30.000
-61.72709069,15.99638889,5,Port,Basse-Terre,www.port-guadeloupe.com,30.000
-61.53845701,16.23388889,5,Port,Pointe-a-Pitre,www.port-guadeloupe.com,30.000
-16.57037691,13.44444444,5,Port,Banjul,www.gambiaports.com,30.000
9.738103651,1.824166667,5,Port,Bata,,30.000
25.14110718,35.34555556,5,Port,Iraklion,www.portheraklion.gr,30.000
22.91772674,40.635,5,Port,Thessaloniki,www.thpa.gr,30.000
-52.33616019,4.935277778,5,Port,Cayenne,www.guyane.cci.fr,30.000
-52.62426384,5.158888889,5,Port,Kourou,,30.000
-58.1671967,6.819444444,5,Port,Georgetown,www.gnsc.com,30.000
-87.94022379,15.83333333,5,Port,Puerto Cortes,www.enp.hn,30.000
15.21931684,44.1175,5,Port,Zadar,www.port-authority-zadar.hr,30.000
113.9166667,-7.616666667,5,Port,Surabaya,,30.000
124.8258539,1.481944444,5,Port,Manado,,30.000
117.2166667,-1.05,5,Port,Senipah,www.pertamina.com,30.000
72.20600707,21.77,5,Port,Bhavnagar,www.gmbports.org,30.000
83.28722026,17.69333333,5,Port,Visakhapatnam,www.vizagport.com,30.000
-8.633333333,52.66277778,5,Port,Limerick,www.sfpc.ie,30.000
56.20424028,27.14083333,5,Port,Bandar Abbas,,30.000
-21.83792697,64.14833333,5,Port,Reykjavik,www.reykjavik.is,30.000
-14.00424028,65.26277778,5,Port,Seydisfjordur,,30.000
13.75424028,45.645,5,Port,Trieste,www.porto.trieste.it,30.000
132.421437,34.36527778,5,Port,Hiroshima,www.pref.hiroshima.lg.jp,30.000
135.2381037,34.68416667,5,Port,Kobe,www.kptc.or.jp,30.000
129.8595406,32.74027778,5,Port,Nagasaki,www.doboku.pref.nagasaki.jp/~rinkai/kakukou/nagasaki.htm,30.000
141.0166667,43.19694444,5,Port,Otaru,,30.000
139.788457,35.62472222,5,Port,Tokyo,www.kouwan.metro.tokyo.jp,30.000
-10.79375736,6.345555556,5,Port,Monrovia,www.nationalportauthorityliberia.org,30.000
79.85017668,6.951388889,5,Port,Colombo,www.slpa.lk,30.000
-7.600176678,33.60888889,5,Port,Casablanca,www.marsamaroc.co.ma,30.000
7.420906949,43.73194444,5,Port,Monaco,,30.000
-99.9024735,16.84444444,5,Port,Acapulco,www.apiacapulcoport.com,30.000
-106.393404,23.19222222,5,Port,Mazatlan,www.apimazatlan.com.mx,30.000
-97.83368669,22.23694444,5,Port,Tampico,www.puertodetampico.com.mx,30.000
34.83351001,-19.81916667,5,Port,Beira,www.cfmnet.co.mz,30.000
32.55706714,-25.97277778,5,Port,Maputo,www.portmaputo.com,30.000
-16.02143698,18.03527778,5,Port,Nouakchott,,30.000
-62.21984688,16.70333333,5,Port,Plymouth,www.giu.gov.ms,30.000
-61.05689046,14.59916667,5,Port,Fort-de-France,www.martinique.cci.fr/port.asp,30.000
166.4258539,-22.25972222,5,Port,Noumea,,30.000
7.003180212,4.769166667,5,Port,Port Harcourt,www.nigerianports.org,30.000
-87.16914016,12.48194444,5,Port,Corinto,www.epn.com.ni,30.000
4.292873969,51.92722222,5,Port,Rotterdam,www.portofrotterdam.com,30.000
5.3196702,60.39694444,5,Port,Bergen,www.bergenhavn.no,30.000
18.96878681,69.65583333,5,Port,Tromso,www.tromso.havn.no,30.000
10.38898704,63.43777778,5,Port,Trondheim,www.trondheim.havn.no,30.000
173.271967,-41.25972222,5,Port,Nelson,www.portnelson.co.nz,30.000
58.4090106,23.60666667,5,Port,Muscat,www.pscoman.com,30.000
123.9226737,10.30638889,5,Port,Cebu,,30.000
122.071437,6.902777778,5,Port,Zamboanga,www.ppa.com.ph,30.000
147.1510601,-9.467222222,5,Port,Port Moresby,www.pngports.com.pg,30.000
143.65053,-3.57,5,Port,Wewak,www.pngports.com.pg,30.000
-8.61861013,41.14111111,5,Port,Porto,,30.000
-25.65883392,37.73694444,5,Port,Ponta Delgada,,30.000
-149.5696702,-17.53111111,5,Port,Papeete,www.portdepapeete.pf,30.000
51.55565371,25.29805556,5,Port,Doha,,30.000
20.45547703,54.7,5,Port,Kaliningrad,www.transmarine.ru/PORTINFO.HTM,30.000
131.8877503,43.09444444,5,Port,Vladivostok,www.vmtp.ru,30.000
28.72638398,60.705,5,Port,Vyborg,,30.000
37.22161366,19.61583333,5,Port,Port Sudan,www.sudanports.gov.sd,30.000
45.34093051,2.028888889,5,Port,Mogadishu,,30.000
-55.13898704,5.82,5,Port,Paramaribo,,30.000
11.87002356,57.68916667,5,Port,Goteborg,,30.000
22.15830389,65.57888889,5,Port,Lulea,www.lulea.se/hamnen,30.000
16.22567727,58.61027778,5,Port,Norrkoping,www.norrkoping-port.se,30.000
1.284923439,6.139166667,5,Port,Lome,www.togoport.tg,30.000
27.15388693,38.44388889,5,Port,Izmir,www.tcdd.gov.tr,30.000
120.3070671,22.56527778,5,Port,Kaohsiung,www.khb.gov.tw,30.000
120.5038869,24.25833333,5,Port,Taichung,www.tchb.gov.tw,30.000
30.73704358,46.50111111,5,Port,Odessa,www.port.odessa.ua,30.000
-56.20424028,-34.90055556,5,Port,Montevideo,www.anp.com.uy,30.000
-134.6700236,58.37916667,5,Port,Juneau,www.juneau.org,30.000
-165.4251472,64.49833333,5,Port,Nome,www.nomealaska.org/port,30.000
-155.0686101,19.73333333,5,Port,Hilo,www.state.hi.us/dot/harbors,30.000
-122.5003534,48.74055556,5,Port,Bellingham,www.portofbellingham.com,30.000
-95.20212014,29.73916667,5,Port,Houston,www.portofhouston.com,30.000
-97.38457008,25.95722222,5,Port,Brownsville,www.portofbrownsville.com,30.000
-122.96702,46.11277778,5,Port,Longview,www.portoflongview.com,30.000
-61.24287397,13.16916667,5,Port,Kingstown,www.svgpa.com,30.000
-66.94022379,10.60277778,5,Port,La Guaira,www.plcsa.gob.ve,30.000
-71.58828033,10.68361111,5,Port,Maracaibo,www.puertodemaracaibo.com,30.000
108.2232038,16.08222222,5,Port,Da Nang,www.danangportvn.com,30.000
168.3058304,-17.74722222,5,Port,Port Vila,www.vanuatugovernment.gov.vu,30.000
-171.7579505,-13.82833333,5,Port,Apia,www.spasamoa.ws,30.000
42.9352768,14.83361111,5,Port,Hodeidah,,30.000
-75.7,45.43,5,Port,Ottawa,,30.000
-78.88,42.88,5,Port,Buffalo,,30.000
-81.71,41.5,5,Port,Cleveland,,30.000
-88.01,44.51,5,Port,Green Bay,,30.000
-92.1,46.76,5,Port,Duluth,,30.000
-124.18,40.8,5,Port,Eureka,,30.000
13.25088339,-8.783888889,4,Port,Luanda,www.otal.com/angola,50.000
-68.27355713,12.14833333,4,Port,"Kralendijk, Bonaire",,50.000
-63.04375736,18.01444444,4,Port,Philipsburg,,50.000
138.5079505,-34.79916667,4,Port,Adelaide,www.flindersports.com.au,50.000
153.1684335,-27.3825,4,Port,Brisbane,www.portbris.com.au,50.000
118.5732038,-20.3175,4,Port,Port Hedland,www.phpa.com.au,50.000
91.82585395,22.26888889,4,Port,Chittagong,www.cpa.gov.bd,50.000
-59.62408716,13.10694444,4,Port,Bridgetown,www.barbadosport.com,50.000
-73.5246172,45.54361111,4,Port,Montreal,www.port-montreal.com,50.000
-70.90477032,-53.16833333,4,Port,Punta Arenas,www.epa.co.cl,50.000
-73.22656066,-39.81666667,4,Port,Valdivia,,50.000
121.6503534,38.93361111,4,Port,Dalian,www.portdalian.com,50.000
119.30053,26.0475,4,Port,Fuzhou,,50.000
120.31702,36.09583333,4,Port,Qingdao,www.qdport.com,50.000
121.4872203,31.22194444,4,Port,Shanghai,www.portshanghai.com.cn,50.000
116.7040636,23.35472222,4,Port,Shantou,,50.000
-84.80424028,9.981666667,4,Port,Puntarenas,,50.000
10.15689046,54.33083333,4,Port,Kiel,www.port-of-kiel.de,50.000
-61.38598351,15.29638889,4,Port,Roseau,,50.000
-69.87585395,18.47527778,4,Port,Santo Domingo,www.apordom.gov.do,50.000
-0.98598351,37.58944444,4,Port,Cartagena,www.apc.es,50.000
-8.726207303,42.2425,4,Port,Vigo,www.apvigo.com,50.000
-16.22656066,28.47472222,4,Port,Santa Cruz de Tenerife,www.puertosdetenerife.org,50.000
24.69075383,59.46,4,Port,Tallinn,www.portoftallinn.com,50.000
178.4210836,-18.1325,4,Port,Suva,www.fijiports.com.fj,50.000
6.633333333,43.27055556,4,Port,Saint-Tropez,,50.000
-4.303180212,55.86305556,4,Port,Glasgow,www.glasgowharbour.com,50.000
-1.424440518,50.9025,4,Port,Southampton,www.abports.co.uk/custinfo/ports/soton.htm,50.000
-5.357243816,36.13694444,4,Port,Gibraltar,www.gibraltarport.com,50.000
-13.70989399,9.516388889,4,Port,Conakry,,50.000
-15.57267373,11.85833333,4,Port,Bissau,,50.000
24.00971731,35.51805556,4,Port,Canea,,50.000
21.31861013,37.64638889,4,Port,Katakolon,,50.000
-90.84128386,13.91555556,4,Port,San Jose,www.cocatram.org.ni/puertosca/pto_sanjose_guatemala.html,50.000
114.1561837,22.32111111,4,Port,Hong Kong,www.mardep.gov.hk,50.000
-72.33969376,18.56583333,4,Port,Port-au-Prince,www.apn.gouv.ht,50.000
112.7239105,-7.206388889,4,Port,Surabaya,www.tps.co.id,50.000
-6.206007067,53.34444444,4,Port,Dublin,www.dublinport.ie,50.000
-7.118786808,52.26638889,4,Port,Waterford,www.portofwaterford.com,50.000
35.01825677,32.8225,4,Port,Haifa,www.haifaport.org.il,50.000
10.30194346,43.55583333,4,Port,Livorno,www.porto.livorno.it,50.000
13.93810365,40.74527778,4,Port,Ischia,,50.000
-76.82479388,17.98166667,4,Port,Kingston,www.portjam.com,50.000
130.8542403,33.9225,4,Port,Kitakyushu,www.kitaqport.or.jp,50.000
39.6221437,-4.053055556,4,Port,Mombasa,www.kpa.co.ke,50.000
104.9209069,11.58305556,4,Port,Phnom Penh,www.ppap.com.kh,50.000
35.51949352,33.905,4,Port,Beirut,www.portdebeyrouth.com,50.000
73.50706714,4.175,4,Port,Male,www.maldport.com.mv,50.000
-96.13368669,19.20833333,4,Port,Veracruz,www.puertodeveracruz.com.mx,50.000
96.16878681,16.76583333,4,Port,Yangon,www.mot.gov.mm/mpa/index.html,50.000
174.7898704,-41.2775,4,Port,Wellington,www.centreport.co.nz,50.000
14.58580683,53.43055556,4,Port,Szczecin,www.port.szczecin.pl,50.000
39.1590106,21.45861111,4,Port,Jeddah,www.ports.gov.sa,50.000
-17.42514723,14.68222222,4,Port,Dakar,www.portdakar.sn,50.000
103.7221437,1.292777778,4,Port,Singapore,www.mpa.gov.sg,50.000
-13.20795053,8.494166667,4,Port,Freetown,,50.000
18.10936396,59.335,4,Port,Stockholm,www.stoports.com,50.000
100.5691402,13.60694444,4,Port,Bangkok,www.bmt.co.th,50.000
26.52196702,40.26472222,4,Port,Canakkale,www.canakkale.gov.tr,50.000
-149.8877503,61.23555556,4,Port,Anchorage,www.muni.org,50.000
-118.2007067,33.74888889,4,Port,Long Beach,www.polb.com,50.000
-122.3012367,37.79944444,4,Port,Oakland,www.portofoakland.com,50.000
-81.55918728,30.38083333,4,Port,Jacksonville,www.jaxport.com,50.000
-75.13457008,39.89527778,4,Port,Philadelphia,www.philaport.com,50.000
-79.92355713,32.82222222,4,Port,Charleston,www.scspa.com,50.000
-71.32444052,41.4825,4,Port,Newport,,50.000
106.7217903,10.79388889,4,Port,Ho Chi Minh City,www.vpa.org.vn/english/members/south/saigonnew.htm,50.000
44.98969376,12.79555556,4,Port,Aden,www.portofaden.com,50.000
31.02338045,-29.88111111,4,Port,Durban,www.transnetnationalportsauthority.net,50.000
25.6352768,-33.96138889,4,Port,Port Elizabeth,www.transnetnationalportsauthority.net,50.000
25.6352768,-33.96138889,4,Port,Port Elizabeth,www.transnetnationalportsauthority.net,50.000
-83.03,42.33,4,Port,Detroit,,50.000
-90.16,35.06,4,Port,Port Of Memphis,,50.000
-90.2,38.71,4,Port,Tri-City Port,,50.000
24.96,60.16,4,Port,Helsinki,,50.000
30.3,59.93,4,Port,Sankt-Peterburg,,50.000
-70.03881037,12.52,3,Port,Oranjestad,www.arubaports.com,75.000
55.26931684,25.26722222,3,Port,Dubai,www.dpa.ae,75.000
-58.3696702,-34.59916667,3,Port,Buenos Aires,www.puertobuenosaires.gov.ar,75.000
130.854947,-12.47027778,3,Port,Darwin,www.darwinport.nt.gov.au,75.000
144.9171967,-37.83277778,3,Port,Melbourne,www.portofmelbourne.com,75.000
115.855477,-31.96527778,3,Port,Perth,,75.000
151.1891637,-33.86222222,3,Port,Sydney,www.sydneyports.com.au,75.000
2.422320377,6.346666667,3,Port,Cotonou,www.portdecotonou.com,75.000
-77.32126031,25.07666667,3,Port,Nassau,,75.000
-43.1918139,-22.88305556,3,Port,Rio de Janeiro,www.portosrio.gov.br,75.000
-123.071437,49.29777778,3,Port,Vancouver,www.portmetrovancouver.com,75.000
-64.70371025,44.04333333,3,Port,Liverpool,,75.000
-71.61914016,-33.03527778,3,Port,Valparaiso,www.portvalparaiso.cl,75.000
113.409364,23.09416667,3,Port,Guangzhou,www.gzport.com,75.000
117.4565371,39.00944444,3,Port,Tianjin,www.ptacn.com,75.000
-4.021260306,5.283333333,3,Port,Abidjan,www.paa-ci.org,75.000
8.553003534,53.56361111,3,Port,Bremerhaven,www.bremen-ports.de,75.000
12.11790342,54.1525,3,Port,Rostock,www.rostock-port.de,75.000
12.58404005,55.72611111,3,Port,Tuborg,,75.000
-79.9024735,-2.284166667,3,Port,Guayaquil,www.puertodeguayaquil.com,75.000
32.30600707,31.25333333,3,Port,Port Said,www.psdports.org,75.000
2.168786808,41.35472222,3,Port,Barcelona,www.apb.es,75.000
-4.418256773,36.70944444,3,Port,Malaga,www.puertomalaga.com,75.000
2.62532391,39.55111111,3,Port,Palma de Mallorca,www.portdemallorca.com,75.000
0.173733804,49.46694444,3,Port,Le Havre,www.havre-port.net,75.000
5.341283863,43.32944444,3,Port,Marseille,www.marseille-port.fr,75.000
7.285630153,43.69388889,3,Port,Nice,www.riviera-ports.com,75.000
-0.067196702,51.50277778,3,Port,London,www.pla.co.uk,75.000
22.56755006,36.76,3,Port,Gythion,,75.000
28.23351001,36.44361111,3,Port,Rhodes,,75.000
18.07638398,42.66,3,Port,Dubrovnik,www.portdubrovnik.hr,75.000
11.77567727,42.09888889,3,Port,Civitavecchia,www.portidiroma.it,75.000
13.36984688,38.13083333,3,Port,Palermo,www.autport.pa.it,75.000
8.489517079,44.31166667,3,Port,Savona,www.porto.sv.it,75.000
12.24057715,45.45305556,3,Port,Marghera,www.port.venice.it,75.000
-77.93545347,18.4675,3,Port,Montego Bay,www.portjam.com,75.000
135.4338634,34.63583333,3,Port,Osaka,www.optc.or.jp,75.000
139.6673734,35.43638889,3,Port,Yokohama,www.city.yokohama.jp/me/port/en/index.html,75.000
24.08810365,57.00777778,3,Port,Riga,www.rop.lv,75.000
-109.9007067,22.88388889,3,Port,Cabo San Lucas,,75.000
14.54128386,35.82611111,3,Port,Marsaxlokk,www.maltafreeport.com.mt,75.000
4.824087161,52.41305556,3,Port,Amsterdam,www.amsterdamports.nl,75.000
10.73457008,59.89722222,3,Port,Oslo,www.ohv.oslo.no,75.000
174.7694935,-36.83638889,3,Port,Auckland,www.poal.co.nz,75.000
66.9737338,24.835,3,Port,Karachi,www.kpt.gov.pk,75.000
-79.88510012,9.373333333,3,Port,Colon,www.cct-pa.com,75.000
120.943404,14.52416667,3,Port,Manila,www.ppa.com.ph,75.000
-66.09128386,18.43611111,3,Port,San Juan,www.prpa.gobierno.pr,75.000
28.993404,41.01277778,3,Port,Istanbul,www.tdi.com.tr,75.000
121.3746172,25.15194444,3,Port,Taipei,www.tpport.gov.tw,75.000
39.293404,-6.834444444,3,Port,Dar es Salaam,www.tanzaniaports.com,75.000
-88.03775029,30.71138889,3,Port,Mobile,www.asdd.com,75.000
-118.2597173,33.73194444,3,Port,Los Angeles,www.portoflosangeles.org,75.000
-117.1572438,32.68444444,3,Port,San Diego,www.portofsandiego.org,75.000
-122.4008834,37.78861111,3,Port,San Francisco,www.sfport.com,75.000
-80.16702002,25.775,3,Port,Miami,www.miamidade.gov/portofmiami,75.000
-82.43616019,27.93,3,Port,Tampa,www.tampaport.com,75.000
-157.8737338,21.30944444,3,Port,Honolulu,www.state.hi.us/dot/harbors,75.000
-71.03545347,42.36361111,3,Port,Boston,www.massport.com/ports,75.000
-76.55565371,39.2325,3,Port,Baltimore,www.mpa.state.md.us,75.000
-74.02426384,40.68833333,3,Port,New York,www.panynj.gov,75.000
-94.81790342,29.30416667,3,Port,Galveston,www.portofgalveston.com,75.000
-76.29252061,36.90194444,3,Port,Norfolk,www.vaports.com,75.000
-122.3597173,47.60222222,3,Port,Seattle,www.portseattle.org,75.000
18.4352768,-33.90916667,3,Port,Cape Town,www.transnetnationalportsauthority.net,75.000
-79.38,43.61,3,Port,Toronto,,75.000
-87.6,41.88,3,Port,Chicago,,75.000
